trip_date,total_trips,active_vendors,total_passengers,avg_passengers,total_fares,total_tips,total_tolls,total_revenue,average_fare
2024-01-01,80983,3,109319,1.55,1764382.43,264273.73,56915.86,2442028.22,21.79
2024-01-02,75498,3,104189,1.42,1582011.14,265817.06,59939.83,2280621.08,20.95
2024-01-03,82401,3,111145,1.38,1620515.16,277523.10,54490.34,2357172.85,19.67
2024-01-04,102876,3,135960,1.36,1894794.89,339722.11,52004.48,2799606.19,18.42
2024-01-05,103144,3,137265,1.37,1839278.55,333331.27,49540.89,2727887.46,17.83
2024-01-06,97088,3,133947,1.46,1680411.18,295415.36,43454.47,2435420.86,17.31
2024-01-07,67528,3,92620,1.43,1313177.33,236322.67,48845.68,1897251.79,19.45
2024-01-08,80009,3,100944,1.30,1496084.12,273047.20,48836.85,2215917.92,18.70
2024-01-09,93941,3,110195,1.27,1587299.98,286713.16,37448.78,2363274.62,16.90
2024-01-10,94972,3,116791,1.27,1701612.39,323625.08,50246.13,2549377.55,17.92
2024-01-11,104988,3,130926,1.29,1948031.07,370926.39,59613.88,2904598.05,18.55
2024-01-12,103629,3,134380,1.35,1921915.87,360947.29,61460.32,2862046.31,18.55
2024-01-13,104726,3,144312,1.44,1809300.57,337541.84,46672.44,2649289.45,17.28
2024-01-14,94394,3,128109,1.44,1686800.84,308169.81,49810.24,2459169.04,17.87
2024-01-15,77005,3,101100,1.36,1485437.82,279277.77,57560.10,2163726.34,19.29
2024-01-16,93029,3,111693,1.28,1783645.97,332357.19,56305.83,2634331.94,19.17
2024-01-17,110341,3,131263,1.28,2008632.34,369843.04,55540.19,2979373.07,18.20
2024-01-18,110321,3,133175,1.27,1974227.44,370332.92,52529.30,2942411.26,17.90
2024-01-19,95925,3,122752,1.34,1652090.51,311714.65,45078.66,2479243.02,17.22
2024-01-20,108736,3,142735,1.42,1782038.13,318022.81,36065.58,2600839.72,16.39
2024-01-21,84471,3,109697,1.39,1556991.00,282252.43,52284.57,2264594.60,18.43
2024-01-22,85624,3,104509,1.26,1587001.99,295749.22,51789.40,2359001.26,18.53
2024-01-23,99858,3,120744,1.26,1764578.34,335769.18,44833.37,2635564.92,17.67
2024-01-24,105090,2,127983,1.26,1859017.34,360444.19,48656.93,2788153.98,17.69
2024-01-25,110295,2,133091,1.27,2014334.37,383355.70,56990.73,3002420.50,18.26
2024-01-26,105774,2,134615,1.33,1884493.81,354356.58,52801.39,2811631.98,17.82
2024-01-27,110473,2,150016,1.42,1858035.60,342076.61,35983.74,2711515.09,16.82
2024-01-28,92801,2,118456,1.39,1676798.23,297834.75,51725.82,2433853.50,18.07
2024-01-29,84523,2,103773,1.27,1567293.90,296406.52,52410.08,2337915.20,18.54
2024-01-30,101197,2,122833,1.25,1754447.13,339460.85,45476.10,2640282.38,17.34
2024-01-31,102107,2,123238,1.25,1789565.18,346133.89,46658.86,2685668.93,17.53
2024-02-01,109963,2,132513,1.25,1990524.05,381561.95,57337.27,2975572.07,18.10
2024-02-02,105436,2,134170,1.32,1842030.60,349650.21,51372.46,2762365.41,17.47
2024-02-03,110582,2,148791,1.42,1820956.24,333766.99,35931.50,2666692.83,16.47
2024-02-04,88053,2,116585,1.39,1632373.45,298812.66,52531.84,2374847.20,18.54
2024-02-05,88401,2,109324,1.27,1613380.68,306488.03,53036.44,2414661.50,18.25
2024-02-06,102114,2,123623,1.25,1805110.84,347470.08,47566.78,2703131.30,17.68
2024-02-07,102934,2,124700,1.26,1896380.42,367320.21,51695.39,2827805.47,18.42
2024-02-08,114029,2,138412,1.27,2096227.40,401212.99,62050.93,3131479.95,18.38
2024-02-09,110479,2,139544,1.33,2002822.32,373557.95,58544.40,2984754.27,18.13
2024-02-10,111629,2,151909,1.43,1904178.63,345450.18,40657.83,2770130.74,17.06
2024-02-11,96541,2,123758,1.39,1784704.63,310697.70,56737.99,2576300.46,18.49
2024-02-12,92063,2,113881,1.28,1695137.70,314875.54,55720.19,2524019.88,18.41
2024-02-13,69058,2,87090,1.30,1118385.55,216753.49,31519.54,1709680.43,16.19
2024-02-14,121741,2,146611,1.30,2141908.67,390510.12,50984.24,3180806.73,17.59
2024-02-15,122924,2,141730,1.28,2197950.77,396126.10,57734.70,3252404.22,17.88
2024-02-16,105811,2,132742,1.35,1965561.15,353272.19,60463.31,2898823.10,18.58
2024-02-17,105791,2,137889,1.45,1791829.25,305636.81,41206.53,2589455.54,16.94
2024-02-18,93763,2,122681,1.46,1697580.17,286391.23,49055.87,2438607.87,18.11
2024-02-19,76038,2,100972,1.38,1514560.74,276431.16,63380.06,2194274.53,19.92
2024-02-20,97059,2,121117,1.29,1798946.68,335444.92,56245.68,2673445.52,18.53
2024-02-21,103514,2,129040,1.29,1839666.05,350232.75,50760.16,2753094.55,17.77
2024-02-22,115578,2,141836,1.30,2117606.23,393780.51,59486.06,3144550.27,18.32
2024-02-23,102419,2,132386,1.35,1856065.53,343810.35,53524.15,2758860.22,18.12
2024-02-24,117792,2,153645,1.43,2014496.48,348950.82,39658.29,2907931.21,17.10
2024-02-25,95799,2,120931,1.40,1804961.12,309643.24,56137.42,2590596.47,18.84
2024-02-26,86299,2,105068,1.27,1730679.98,314019.48,58979.70,2531526.86,20.05
2024-02-27,118593,2,131363,1.26,2109830.70,371609.14,52295.08,3117764.22,17.79
2024-02-28,112443,2,130334,1.26,2073006.05,380644.02,56547.07,3062475.98,18.44
2024-02-29,129884,2,148182,1.27,2404666.20,428654.51,65177.66,3537753.81,18.51
2024-03-01,117613,2,144377,1.33,2122740.53,381825.94,59943.81,3141436.46,18.05
2024-03-02,122427,2,150160,1.42,2123295.70,349371.33,43833.66,3036337.25,17.34
2024-03-03,96969,2,122659,1.40,1883507.04,323994.44,61607.67,2693590.20,19.42
2024-03-04,94162,2,115475,1.28,1787667.01,330218.66,61915.93,2649702.40,18.99
2024-03-05,112533,2,131571,1.26,2052338.39,375308.16,53710.63,3029935.22,18.24
2024-03-06,132837,2,142316,1.26,2428159.03,413887.79,58757.08,3546898.02,18.28
2024-03-07,122073,2,141674,1.27,2262064.75,412730.70,66816.49,3343709.93,18.53
2024-03-08,119503,2,144883,1.33,2193560.78,391446.57,62469.97,3233672.66,18.36
2024-03-09,140452,2,160821,1.42,2419614.12,370124.49,46036.59,3425779.16,17.23
2024-03-10,104459,2,123940,1.39,2014281.35,328437.87,65265.02,2860990.31,19.28
2024-03-11,98294,3,119339,1.30,1880187.94,340164.56,64369.93,2771096.07,19.13
2024-03-12,112174,3,131163,1.28,2129284.61,381799.55,60547.67,3124668.40,18.98
2024-03-13,119679,3,140396,1.28,2243205.35,409887.47,67293.51,3312326.70,18.74
2024-03-14,137003,3,153712,1.28,2635763.76,449068.63,73257.23,3830420.70,19.24
2024-03-15,128773,3,152203,1.34,2400415.94,410637.34,70902.16,3507107.68,18.64
2024-03-16,131383,3,159636,1.43,2397866.71,377394.96,58207.12,3392071.02,18.25
2024-03-17,103384,3,123823,1.38,2102984.27,343560.74,76775.54,2977378.46,20.34
2024-03-18,94954,3,114613,1.29,1875906.74,338453.60,73121.27,2762085.09,19.76
2024-03-19,111668,3,129950,1.27,2071319.74,374806.76,61696.75,3053359.19,18.55
2024-03-20,118976,3,135807,1.26,2201265.66,397337.83,66289.15,3251096.37,18.50
2024-03-21,130750,3,145594,1.27,2435245.19,427277.84,71975.78,3572589.21,18.63
2024-03-22,116816,3,138409,1.33,2181054.07,376911.41,68411.78,3196694.70,18.67
2024-03-23,121936,2,142039,1.44,2119543.71,330785.08,48305.28,3017238.72,17.38
2024-03-24,101884,3,123099,1.42,2032746.35,330679.91,72922.31,2882650.73,19.95
2024-03-25,93410,3,114079,1.32,1836094.62,322125.57,65835.86,2684458.14,19.66
2024-03-26,112671,3,130363,1.30,2095862.97,365204.03,60559.63,3070936.62,18.60
2024-03-27,121139,3,138960,1.30,2276843.77,395162.01,63413.25,3327937.15,18.80
2024-03-28,132671,3,144064,1.33,2598306.14,415769.88,66884.12,3718837.11,19.58
2024-03-29,119810,3,143018,1.41,2205485.98,355603.48,60362.61,3198959.95,18.41
2024-03-30,112626,3,141950,1.48,1990436.20,313051.62,45472.92,2824901.33,17.67
2024-03-31,98454,3,120940,1.47,1909112.67,297567.43,62549.76,2692482.43,19.39
2024-04-01,93838,3,117173,1.35,1831578.24,321450.07,66649.11,2681944.74,19.52
2024-04-02,131596,3,144201,1.31,2472786.39,398315.08,62980.33,3564448.74,18.79
2024-04-03,139724,3,146907,1.31,2625350.80,412360.16,56045.22,3756777.76,18.79
2024-04-04,137467,3,151974,1.31,2617008.11,432321.51,73609.48,3793121.12,19.04
2024-04-05,134411,3,153393,1.36,2497459.51,402341.99,67467.00,3612883.52,18.58
2024-04-06,131568,3,155738,1.45,2380717.17,362118.19,54014.11,3352173.30,18.09
2024-04-07,105532,3,127250,1.41,2077227.59,335598.75,70780.10,2943969.94,19.68
2024-04-08,97203,3,115627,1.30,1858337.57,327396.36,66484.96,2730756.59,19.12
2024-04-09,120577,3,134397,1.27,2301892.76,394275.02,65734.16,3350269.63,19.09
2024-04-10,121772,3,129301,1.27,2256784.96,375165.39,64329.54,3289459.06,18.53
2024-04-11,142592,3,146943,1.28,2691873.94,431894.99,71485.73,3886677.41,18.88
2024-04-12,123841,3,144498,1.34,2318583.96,394638.71,67932.93,3383747.53,18.72
2024-04-13,129750,3,159889,1.43,2272693.71,368821.31,50996.53,3243823.14,17.52
2024-04-14,111434,3,130664,1.41,2210806.37,349036.92,72840.73,3121443.67,19.84
2024-04-15,101026,3,121003,1.30,2017854.41,357060.85,73122.82,2949374.76,19.97
2024-04-16,110993,2,130980,1.27,2129778.56,382970.56,62469.12,3121470.22,19.19
2024-04-17,126576,2,146335,1.27,2392622.92,431503.40,67454.46,3518056.20,18.90
2024-04-18,134349,2,153152,1.28,2572617.14,453876.13,72866.25,3759877.21,19.15
2024-04-19,119259,2,146736,1.34,2219987.66,396622.34,66683.96,3268701.00,18.61
2024-04-20,132886,2,159528,1.42,2447408.84,386155.96,53081.00,3448381.23,18.42
2024-04-21,105806,2,128045,1.39,2063038.18,339484.99,67647.47,2929951.74,19.50
2024-04-22,90364,2,111279,1.31,1762386.08,312167.07,63077.54,2583473.28,19.50
2024-04-23,100052,2,123506,1.29,1857682.52,344908.86,59212.41,2757143.23,18.57
2024-04-24,108624,2,133442,1.29,2060675.95,384237.27,64091.25,3047205.62,18.97
2024-04-25,122942,2,148889,1.30,2422219.13,438830.92,71052.06,3542094.12,19.70
2024-04-26,112985,2,144461,1.36,2161904.30,389582.34,65396.98,3176558.77,19.13
2024-04-27,117847,2,155622,1.44,2148825.50,364522.62,49890.08,3067486.31,18.23
2024-04-28,99293,2,125852,1.41,1984946.85,332490.26,69368.83,2821186.52,19.99
2024-04-29,97065,2,121063,1.31,1916839.78,349343.90,68041.29,2818684.24,19.75
2024-04-30,111834,2,134719,1.28,2072597.71,381392.23,61127.34,3068732.88,18.53
2024-05-01,121902,2,144642,1.27,2337448.34,425769.90,65301.50,3430717.54,19.17
2024-05-02,133074,2,155538,1.28,2607367.62,464173.92,75696.12,3804278.67,19.59
2024-05-03,128015,2,156707,1.34,2439398.53,430038.68,74947.00,3572753.85,19.06
2024-05-04,133723,2,169436,1.42,2394982.44,394177.17,54359.06,3411862.03,17.91
2024-05-05,120089,2,137474,1.39,2396101.63,371806.09,76952.07,3364893.81,19.95
2024-05-06,102916,2,122287,1.27,2135679.63,379941.37,74995.03,3104701.47,20.75
2024-05-07,119330,2,139536,1.26,2323772.89,413601.50,66210.69,3390603.77,19.47
2024-05-08,127699,2,147475,1.26,2510599.53,448093.31,71671.66,3659990.67,19.66
2024-05-09,136578,2,157786,1.28,2712366.14,476406.40,79522.80,3943141.40,19.86
2024-05-10,138286,2,157688,1.32,2675840.17,442596.74,74434.38,3865062.91,19.35
2024-05-11,130967,2,160102,1.42,2402156.81,383043.62,54860.75,3393864.02,18.34
2024-05-12,112586,2,136488,1.41,2218789.82,355876.85,73751.66,3136166.45,19.71
2024-05-13,111327,3,128965,1.27,2273661.23,398702.88,79014.09,3305734.32,20.42
2024-05-14,131756,3,145767,1.26,2665113.31,449081.90,71895.41,3833682.93,20.23
2024-05-15,138525,3,150614,1.26,2846341.71,473090.10,73389.15,4066859.37,20.55
2024-05-16,143748,3,159716,1.28,2900451.90,493001.60,82965.66,4182619.18,20.18
2024-05-17,133221,3,155994,1.34,2605261.17,436526.98,75579.73,3766394.12,19.56
2024-05-18,138018,3,161516,1.42,2619897.30,390784.00,58697.73,3652965.53,18.98
2024-05-19,114515,3,133596,1.39,2691144.62,370641.12,78311.32,3638889.59,23.50
2024-05-20,106846,3,126157,1.29,2136782.85,370249.87,74367.78,3108942.36,20.00
2024-05-21,121440,3,140037,1.26,2345090.78,416660.69,66131.79,3424837.72,19.31
2024-05-22,130843,3,148388,1.26,2566925.62,444439.19,72681.50,3723168.33,19.62
2024-05-23,122558,3,141918,1.29,2431080.12,421279.25,71676.50,3520766.63,19.84
2024-05-24,109717,3,133422,1.36,2176841.91,359837.92,70193.47,3132013.06,19.84
2024-05-25,90071,3,121160,1.47,1666971.87,267786.08,46871.39,2358371.51,18.51
2024-05-26,85633,3,107929,1.47,1663319.04,245824.39,49549.54,2317131.44,19.42
2024-05-27,72558,3,92348,1.43,1495935.35,245579.21,58916.85,2115751.22,20.62
2024-05-28,104658,3,128305,1.30,2127555.27,375654.38,71465.51,3096738.06,20.33
2024-05-29,121193,3,141615,1.28,2360950.08,411006.25,63191.09,3424508.63,19.48
2024-05-30,123667,3,145673,1.28,2438546.30,427364.12,70962.21,3544811.48,19.72
2024-05-31,117237,3,143078,1.34,2264463.46,387251.58,66241.51,3286496.15,19.32
2024-06-01,130669,3,158188,1.42,2433114.86,375274.55,55910.91,3414192.71,18.62
2024-06-02,107021,3,128956,1.39,2267744.63,363553.16,76551.70,3174737.15,21.19
2024-06-03,109637,3,128481,1.28,2170124.65,385258.45,74530.27,3172555.22,19.79
2024-06-04,124759,2,143231,1.26,2439169.89,431411.81,68705.24,3551832.28,19.55
2024-06-05,134015,2,150681,1.27,2592499.17,451032.19,69128.22,3766036.67,19.34
2024-06-06,142011,2,157985,1.28,2856224.47,483756.41,78506.71,4110671.59,20.11
2024-06-07,132014,2,152263,1.35,2536605.37,414591.03,72133.22,3657247.26,19.21
2024-06-08,132288,2,154660,1.43,2459469.24,361438.48,54997.99,3428851.67,18.59
2024-06-09,106950,2,121690,1.40,2287871.68,344163.20,78397.97,3172802.53,21.39
2024-06-10,105750,2,125905,1.30,2105917.62,372881.98,73680.65,3076193.20,19.91
2024-06-11,119390,2,141840,1.27,2233265.56,412658.86,63879.44,3298822.99,18.71
2024-06-12,122497,2,146319,1.28,2260757.58,421933.38,64785.44,3352291.04,18.46
2024-06-13,128088,2,153271,1.29,2393479.76,444401.91,68647.51,3538646.08,18.69
2024-06-14,123402,2,148507,1.34,2268478.45,392465.18,61985.45,3322669.77,18.38
2024-06-15,115192,2,143966,1.42,2117340.50,341163.05,54428.42,3000944.69,18.38
2024-06-16,104970,2,118064,1.40,2132629.04,314061.05,70088.21,2969398.86,20.32
2024-06-17,100449,2,120562,1.30,1894924.75,333754.10,65412.58,2787859.56,18.86
2024-06-18,121975,2,141002,1.29,2249364.72,388584.97,57958.35,3287159.57,18.44
2024-06-19,103051,2,130368,1.33,1884495.95,348946.44,59089.55,2801674.78,18.29
2024-06-20,124466,2,147840,1.30,2404945.46,419598.44,67262.80,3499644.12,19.32
2024-06-21,119178,2,146746,1.36,2257094.87,382660.89,65773.91,3282502.61,18.94
2024-06-22,117797,2,149459,1.45,2131599.18,342746.56,53842.35,3027993.03,18.10
2024-06-23,102514,2,129937,1.42,2007308.30,333571.47,67535.14,2853893.79,19.58
2024-06-24,109906,2,131008,1.31,2250501.59,388446.21,80869.78,3266110.24,20.48
2024-06-25,126747,2,142308,1.29,2514233.33,418521.23,71373.31,3620267.72,19.84
2024-06-26,132783,2,148723,1.29,2630633.34,434209.69,66543.02,3772728.36,19.81
2024-06-27,127436,2,144170,1.30,2693294.90,444767.18,77941.94,3838240.98,21.13
2024-06-28,111966,2,132643,1.36,2256459.34,366995.60,67177.83,3231264.53,20.15
2024-06-29,109596,2,135601,1.45,2070136.79,316192.36,51328.20,2902187.21,18.89
2024-06-30,91513,2,109160,1.43,1894899.11,280776.21,57967.16,2623083.13,20.71
2024-07-01,85593,2,106151,1.34,1723528.75,282275.47,60352.68,2480642.98,20.14
2024-07-02,87759,2,109513,1.33,1653592.81,275871.49,47558.35,2396566.81,18.84
2024-07-03,80405,2,102734,1.36,1524179.22,250266.58,48508.71,2204060.46,18.96
2024-07-04,61799,2,81208,1.51,1226954.82,177539.15,38295.88,1701800.65,19.85
2024-07-05,74116,2,102279,1.48,1406394.04,218285.01,44114.72,2020106.33,18.98
2024-07-06,75063,2,108929,1.52,1504570.35,247889.37,51048.53,2122791.20,20.04
2024-07-07,75772,2,103347,1.45,1665063.82,279386.21,68937.76,2346442.65,21.97
2024-07-08,91157,2,115114,1.33,1876397.98,326797.85,69317.37,2723329.90,20.58
2024-07-09,110677,2,132107,1.29,2132265.34,370564.38,60638.27,3101542.76,19.27
2024-07-10,118834,2,139779,1.29,2242655.26,387369.05,59565.86,3262813.17,18.87
2024-07-11,117805,2,137846,1.30,2334846.04,396590.40,64472.10,3369493.29,19.82
2024-07-12,101601,2,127088,1.36,1923446.12,326327.77,56988.48,2798013.62,18.93
2024-07-13,100810,2,131422,1.46,1876962.70,302792.56,49715.63,2656838.36,18.62
2024-07-14,96336,2,112907,1.41,1934295.93,296446.06,63059.21,2708203.10,20.08
2024-07-15,102150,2,119861,1.31,2057084.77,344305.95,69558.72,2967748.66,20.14
2024-07-16,127592,2,141968,1.28,2432904.19,402260.08,62015.68,3513064.81,19.07
2024-07-17,128138,2,141828,1.28,2437577.56,404430.74,57776.09,3511683.57,19.02
2024-07-18,120216,2,138499,1.29,2441008.24,412946.93,73408.79,3514969.76,20.31
2024-07-19,105624,2,127363,1.36,2067011.77,340309.09,64112.89,2978228.65,19.57
2024-07-20,105820,2,132927,1.46,2009488.95,309508.99,52688.55,2817536.87,18.99
2024-07-21,92955,2,115595,1.43,1903536.03,296820.69,66070.97,2666615.42,20.48
2024-07-22,93991,2,114515,1.32,1862122.44,317606.74,63527.38,2699380.07,19.81
2024-07-23,109238,2,128505,1.29,2123738.57,365748.52,62316.26,3083079.17,19.44
2024-07-24,114043,2,133625,1.29,2184837.45,379112.66,61289.49,3178454.37,19.16
2024-07-25,113928,2,137478,1.32,2269347.35,392787.32,67272.33,3286631.25,19.92
2024-07-26,98964,2,128590,1.38,1916598.67,329311.02,59015.99,2784649.72,19.37
2024-07-27,96805,2,132169,1.47,1828298.08,299053.36,48033.18,2585379.87,18.89
2024-07-28,88829,2,113414,1.43,1808054.23,291237.93,63291.93,2549561.90,20.35
2024-07-29,87810,2,111765,1.33,1726146.25,304393.88,60669.41,2520497.15,19.66
2024-07-30,102450,2,127789,1.30,1902392.28,344634.52,52060.62,2797278.28,18.57
2024-07-31,109528,2,132669,1.30,2080935.87,368006.01,56817.73,3037761.15,19.00
2024-08-01,117133,2,138239,1.30,2240534.79,382690.43,62876.46,3254783.82,19.13
2024-08-02,108180,2,132354,1.37,2047350.68,332936.19,57694.62,2957313.48,18.93
2024-08-03,113429,2,131943,1.45,2177498.79,307621.39,51651.34,3009535.63,19.20
2024-08-04,86871,2,111748,1.43,1811640.63,288027.61,63490.65,2538126.65,20.85
2024-08-05,94221,2,117043,1.33,1883572.61,320169.20,66029.84,2729941.76,19.99
2024-08-06,119242,2,132719,1.30,2267780.13,357585.53,53772.24,3245203.31,19.02
2024-08-07,110086,2,131080,1.30,2190820.18,375142.45,63583.14,3162022.85,19.90
2024-08-08,109571,2,128323,1.30,2150027.66,362966.54,60881.05,3103345.03,19.62
2024-08-09,92313,2,116183,1.37,1751637.17,296759.37,54512.20,2545924.17,18.97
2024-08-10,96134,2,122243,1.46,1839058.94,281640.32,48688.44,2573079.83,19.13
2024-08-11,81563,2,101016,1.43,1767118.21,274340.71,61500.71,2455873.20,21.67
2024-08-12,80558,2,101499,1.32,1621874.55,277841.72,59398.82,2350194.52,20.13
2024-08-13,91859,2,113769,1.30,1733181.56,304808.28,53585.99,2535541.59,18.87
2024-08-14,99517,2,122194,1.29,1871289.86,330277.20,54988.52,2738421.46,18.80
2024-08-15,101508,2,124647,1.31,1961441.67,337262.30,59750.76,2848761.73,19.32
2024-08-16,94670,2,122183,1.38,1820519.49,305230.20,58642.42,2638238.21,19.23
2024-08-17,93632,2,123065,1.46,1790859.02,281726.41,45925.63,2510100.68,19.13
2024-08-18,83786,2,105849,1.44,1693404.78,264966.27,55342.58,2368167.35,20.21
2024-08-19,84689,2,104973,1.31,1818716.01,307542.28,66518.50,2610097.81,21.48
2024-08-20,93254,2,115448,1.30,1863053.37,321471.99,60125.77,2701265.96,19.98
2024-08-21,94282,2,117075,1.31,1829812.43,318588.20,56287.10,2662625.76,19.41
2024-08-22,96048,2,119785,1.32,1933744.10,332081.66,62038.56,2794685.22,20.13
2024-08-23,91707,2,118417,1.37,1810473.89,308095.84,59256.32,2624363.91,19.74
2024-08-24,90672,2,122140,1.46,1746080.11,279578.08,50432.54,2458580.05,19.26
2024-08-25,84044,2,109435,1.44,1755545.37,283954.96,63883.05,2469651.03,20.89
2024-08-26,85965,2,106492,1.33,1738208.49,289668.26,61772.66,2501694.78,20.22
2024-08-27,94487,2,115955,1.31,1827513.93,313320.77,57395.54,2653745.74,19.34
2024-08-28,104409,2,126396,1.31,2020920.59,343287.96,63638.07,2931277.65,19.36
2024-08-29,100610,2,122900,1.33,2043135.12,344135.18,70822.96,2946126.01,20.31
2024-08-30,93891,2,119554,1.40,1922447.48,315360.66,69398.00,2761844.04,20.48
2024-08-31,89843,2,122996,1.50,1798544.13,285165.62,57919.32,2517445.57,20.02
2024-09-01,89523,2,113939,1.49,1853249.23,276687.31,63278.09,2567493.64,20.70
2024-09-02,80350,2,99933,1.44,1827972.04,288801.60,79293.15,2549490.98,22.75
2024-09-03,102941,2,122886,1.29,2155919.78,370330.53,74241.94,3104462.98,20.94
2024-09-04,118444,2,137330,1.27,2380174.66,414278.40,61710.66,3429944.76,20.10
2024-09-05,130205,2,147409,1.27,2619884.40,443333.38,70199.35,3762178.58,20.12
2024-09-06,128699,2,145924,1.31,2517098.36,413086.98,67925.92,3613319.04,19.56
2024-09-07,124682,2,147544,1.39,2416563.35,371868.80,56096.07,3368412.44,19.38
2024-09-08,112615,2,127293,1.36,2312725.01,358726.41,76571.04,3233248.63,20.54
2024-09-09,108255,2,121423,1.25,2192362.12,373938.18,72529.95,3164819.60,20.25
2024-09-10,121656,2,131498,1.24,2425115.39,404328.53,63856.16,3476471.49,19.93
2024-09-11,120377,2,132894,1.24,2309342.58,403057.48,61562.50,3354820.61,19.18
2024-09-12,138518,2,151013,1.25,2738830.12,467126.01,75799.26,3953824.93,19.77
2024-09-13,129326,2,142066,1.31,2476118.12,396956.88,67685.69,3557197.49,19.15
2024-09-14,133512,2,151430,1.41,2500665.46,364208.84,56300.53,3475572.40,18.73
2024-09-15,113829,2,125584,1.38,2408870.14,355129.54,78696.74,3326948.65,21.16
2024-09-16,107236,2,120362,1.25,2158302.95,372541.77,74311.59,3130373.46,20.13
2024-09-17,128187,2,139622,1.24,2435878.58,426175.18,66866.77,3550101.60,19.00
2024-09-18,135042,2,146406,1.24,2620745.37,457305.01,70883.10,3804441.13,19.41
2024-09-19,142742,2,153074,1.25,2861186.03,482218.46,79423.44,4113734.62,20.04
2024-09-20,135399,2,150336,1.31,2682676.03,439513.79,74547.40,3846166.27,19.81
2024-09-21,137833,2,157299,1.39,2679883.45,400965.97,58849.24,3715815.61,19.44
2024-09-22,116770,2,134534,1.35,2475633.69,399102.66,82225.80,3462292.09,21.20
2024-09-23,111608,3,123649,1.25,2350811.75,401676.16,73445.38,3367545.29,21.06
2024-09-24,116244,3,126428,1.23,2391211.24,411969.73,64787.95,3429550.62,20.57
2024-09-25,124110,3,134113,1.23,2555548.75,446471.12,70390.05,3676488.95,20.59
2024-09-26,132781,3,147388,1.25,2777874.79,488568.22,79756.98,3997795.67,20.92
2024-09-27,124348,3,144892,1.31,2438049.60,421414.93,71744.71,3534216.50,19.61
2024-09-28,142350,3,168756,1.40,2604441.88,412429.28,53309.24,3666540.32,18.30
2024-09-29,119564,3,135870,1.37,2350538.17,377118.49,74511.53,3316727.02,19.66
2024-09-30,104706,3,122336,1.25,2131789.57,381859.04,73929.11,3103290.63,20.36
